{"chunk_definitions":[{"chunk_id":"ckkzga191qilg","chunk_label":"group_by and summarize","document_id":"B51634B3","expansion_state":0,"options":{"engine":"r","label":"group_by and summarize"},"row":279,"row_count":1,"visible":true},{"chunk_id":"cuqqn8lva4848","chunk_label":"group_by more than one attribute","document_id":"B51634B3","expansion_state":0,"options":{"engine":"r","label":"group_by more than one attribute"},"row":291,"row_count":1,"visible":true},{"chunk_id":"c72qt5xyxxz5h","chunk_label":"count sort","document_id":"B51634B3","expansion_state":0,"options":{"engine":"r","label":"count sort"},"row":304,"row_count":1,"visible":true}],"default_chunk_options":{"echo":true},"doc_write_time":1597248655,"working_dir":null}