{"working_dir":null,"default_chunk_options":{"echo":true},"chunk_definitions":[{"row":9,"row_count":1,"visible":true,"expansion_state":0,"options":{"engine":"r","label":"setup","include":false},"document_id":"EBE0DFC2","chunk_id":"csetup_chunk","chunk_label":"setup"},{"row":35,"row_count":1,"visible":true,"expansion_state":0,"options":{"engine":"r","label":"load packages"},"document_id":"EBE0DFC2","chunk_id":"caajbk8bmz6cg","chunk_label":"load packages"},{"row":46,"row_count":1,"visible":true,"expansion_state":0,"options":{"engine":"r","label":"import data"},"document_id":"EBE0DFC2","chunk_id":"cib2sbwrlrtha","chunk_label":"import data"},{"row":60,"row_count":1,"visible":true,"expansion_state":0,"options":{"engine":"r","label":"inspect and preview"},"document_id":"EBE0DFC2","chunk_id":"cf9qpc422e3qa","chunk_label":"inspect and preview"},{"row":74,"row_count":1,"visible":true,"expansion_state":0,"options":{"engine":"r","label":"review names"},"document_id":"EBE0DFC2","chunk_id":"ckmibuq3bgevw","chunk_label":"review names"},{"row":80,"row_count":1,"visible":true,"expansion_state":0,"options":{"engine":"r","label":"case"},"document_id":"EBE0DFC2","chunk_id":"crfhjicv8tbg4","chunk_label":"case"},{"row":86,"row_count":1,"visible":true,"expansion_state":0,"options":{"engine":"r","label":"review names again"},"document_id":"EBE0DFC2","chunk_id":"cjzhr5lqzc75u","chunk_label":"review names again"},{"row":94,"row_count":1,"visible":true,"expansion_state":0,"options":{"engine":"r","label":"rename hsdistrict"},"document_id":"EBE0DFC2","chunk_id":"c4n4kyju63j6p","chunk_label":"rename hsdistrict"},{"row":101,"row_count":1,"visible":true,"expansion_state":0,"options":{"engine":"r","label":"select simple"},"document_id":"EBE0DFC2","chunk_id":"cq8kh4qonnik6","chunk_label":"select simple"},{"row":109,"row_count":1,"visible":true,"expansion_state":0,"options":{"engine":"r","label":"select complex"},"document_id":"EBE0DFC2","chunk_id":"ci1y2mnrxa0uf","chunk_label":"select complex"},{"row":115,"row_count":1,"visible":true,"expansion_state":0,"options":{"engine":"r","label":"your_turn 1"},"document_id":"EBE0DFC2","chunk_id":"c5mhrz0nppzgo","chunk_label":"your_turn 1"},{"row":122,"row_count":1,"visible":true,"expansion_state":0,"options":{"engine":"r","label":"summary"},"document_id":"EBE0DFC2","chunk_id":"cp07tebwrc4ke","chunk_label":"summary"},{"row":130,"row_count":1,"visible":true,"expansion_state":0,"options":{"engine":"r","label":"distinct names"},"document_id":"EBE0DFC2","chunk_id":"cuse5zrrob8yg","chunk_label":"distinct names"},{"row":137,"row_count":1,"visible":true,"expansion_state":0,"options":{"engine":"r","label":"filter"},"document_id":"EBE0DFC2","chunk_id":"c9o1ovb5g4nzp","chunk_label":"filter"},{"row":162,"row_count":1,"visible":true,"expansion_state":0,"options":{"engine":"r","label":"missing"},"document_id":"EBE0DFC2","chunk_id":"cce2u2wv50qs2","chunk_label":"missing"},{"row":174,"row_count":1,"visible":true,"expansion_state":0,"options":{"engine":"r","label":"arrange"},"document_id":"EBE0DFC2","chunk_id":"cmyv9bzyx2i5z","chunk_label":"arrange"},{"row":179,"row_count":1,"visible":true,"expansion_state":0,"options":{"engine":"r","label":"arrange descending"},"document_id":"EBE0DFC2","chunk_id":"csyxa4pg1jp9r","chunk_label":"arrange descending"},{"row":195,"row_count":1,"visible":true,"expansion_state":0,"options":{"engine":"r","label":"intermediate steps"},"document_id":"EBE0DFC2","chunk_id":"ckxvvj38n80xh","chunk_label":"intermediate steps"},{"row":202,"row_count":1,"visible":true,"expansion_state":0,"options":{"engine":"r","label":"nesting"},"document_id":"EBE0DFC2","chunk_id":"c75wcliwcr8y3","chunk_label":"nesting"},{"row":215,"row_count":1,"visible":true,"expansion_state":0,"options":{"engine":"r","label":"pipe"},"document_id":"EBE0DFC2","chunk_id":"cezt2qkofwp9g","chunk_label":"pipe"},{"row":229,"row_count":1,"visible":true,"expansion_state":0,"options":{"engine":"r","label":"your_turn 4"},"document_id":"EBE0DFC2","chunk_id":"c70pq5wcsq3oe","chunk_label":"your_turn 4"},{"row":237,"row_count":1,"visible":true,"expansion_state":0,"options":{"engine":"r","label":"count"},"document_id":"EBE0DFC2","chunk_id":"cofebvrvmrdls","chunk_label":"count"},{"row":243,"row_count":1,"visible":true,"expansion_state":0,"options":{"engine":"r","label":"count sort"},"document_id":"EBE0DFC2","chunk_id":"coep7ws4mb75m","chunk_label":"count sort"},{"row":255,"row_count":1,"visible":true,"expansion_state":0,"options":{"engine":"r","label":"summary totalvalue"},"document_id":"EBE0DFC2","chunk_id":"ccfbq65lcq908","chunk_label":"summary totalvalue"},{"row":265,"row_count":1,"visible":true,"expansion_state":0,"options":{"engine":"r","label":"mutate"},"document_id":"EBE0DFC2","chunk_id":"c5fzzohc1jqte","chunk_label":"mutate"},{"row":274,"row_count":1,"visible":true,"expansion_state":0,"options":{"engine":"r","label":"mutate mean with missings"},"document_id":"EBE0DFC2","chunk_id":"ce4b9x6y344cb","chunk_label":"mutate mean with missings"},{"row":282,"row_count":1,"visible":true,"expansion_state":0,"options":{"engine":"r","label":"mutate mean"},"document_id":"EBE0DFC2","chunk_id":"c1grv2llzj8ez","chunk_label":"mutate mean"},{"row":303,"row_count":1,"visible":true,"expansion_state":0,"options":{"engine":"r","label":"filter and arrange with vertical bar"},"document_id":"EBE0DFC2","chunk_id":"c8gxobcjr6kid","chunk_label":"filter and arrange with vertical bar"},{"row":327,"row_count":1,"visible":true,"expansion_state":0,"options":{"engine":"r","label":"count"},"document_id":"EBE0DFC2","chunk_id":"c8mypzyc07n3q","chunk_label":"count"},{"row":337,"row_count":1,"visible":true,"expansion_state":0,"options":{"engine":"r","label":"group_by and summarize"},"document_id":"EBE0DFC2","chunk_id":"crtol14rn2kh4","chunk_label":"group_by and summarize"},{"row":349,"row_count":1,"visible":true,"expansion_state":0,"options":{"engine":"r","label":"group_by more than one attribute"},"document_id":"EBE0DFC2","chunk_id":"cd49e2eszwo39","chunk_label":"group_by more than one attribute"}],"doc_write_time":1611172593}