{"chunk_definitions":[{"chunk_id":"csetup_chunk","chunk_label":"setup","document_id":"B51634B3","expansion_state":0,"options":{"engine":"r","include":false,"label":"setup"},"row":9,"row_count":1,"visible":true},{"chunk_id":"chfyxf6zzyp26","chunk_label":"load packages","document_id":"B51634B3","expansion_state":0,"options":{"engine":"r","label":"load packages"},"row":26,"row_count":1,"visible":true},{"chunk_id":"ctll96zvopbr3","chunk_label":"import data","document_id":"B51634B3","expansion_state":0,"options":{"engine":"r","label":"import data"},"row":32,"row_count":1,"visible":true},{"chunk_id":"cozntyt6oo5ih","chunk_label":"inspact and preview","document_id":"B51634B3","expansion_state":0,"options":{"engine":"r","label":"inspact and preview"},"row":41,"row_count":1,"visible":true},{"chunk_id":"cj3op6sjk1pq4","chunk_label":"clean names","document_id":"B51634B3","expansion_state":0,"options":{"engine":"r","label":"clean names"},"row":64,"row_count":1,"visible":true},{"chunk_id":"ck3gt3ddt9kv1","chunk_label":"review names","document_id":"B51634B3","expansion_state":0,"options":{"engine":"r","label":"review names"},"row":70,"row_count":1,"visible":true},{"chunk_id":"crxgz4361pao8","chunk_label":"janitor clean names","document_id":"B51634B3","expansion_state":0,"options":{"engine":"r","label":"janitor clean names"},"row":78,"row_count":1,"visible":true},{"chunk_id":"cafz7oxqw8izi","chunk_label":"rename hsdistrict","document_id":"B51634B3","expansion_state":0,"options":{"engine":"r","label":"rename hsdistrict"},"row":86,"row_count":1,"visible":true},{"chunk_id":"cp2i2ebssfz06","chunk_label":"select variables","document_id":"B51634B3","expansion_state":0,"options":{"engine":"r","label":"select variables"},"row":100,"row_count":1,"visible":true},{"chunk_id":"clycz61ladfdm","chunk_label":"pipe","document_id":"B51634B3","expansion_state":0,"options":{"engine":"r","label":"pipe"},"row":118,"row_count":1,"visible":true},{"chunk_id":"c54j1jik0m7rv","chunk_label":"export","document_id":"B51634B3","expansion_state":0,"options":{"engine":"r","label":"export"},"row":126,"row_count":1,"visible":true},{"chunk_id":"c4hcbz1eld8by","chunk_label":"summary","document_id":"B51634B3","expansion_state":0,"options":{"engine":"r","label":"summary"},"row":136,"row_count":1,"visible":true},{"chunk_id":"cmok8t6obsqqp","chunk_label":"arrange highest values at the top","document_id":"B51634B3","expansion_state":0,"options":{"engine":"r","label":"arrange highest values at the top"},"row":150,"row_count":1,"visible":true},{"chunk_id":"cp2uow3a3zql9","chunk_label":"subset with filter","document_id":"B51634B3","expansion_state":0,"options":{"engine":"r","label":"subset with filter"},"row":160,"row_count":1,"visible":true},{"chunk_id":"cn88asbtgmrm9","chunk_label":"unite variables","document_id":"B51634B3","expansion_state":0,"options":{"engine":"r","label":"unite variables"},"row":290,"row_count":1,"visible":true}],"doc_write_time":1597160978}