{"chunk_definitions":[{"chunk_id":"csetup_chunk","chunk_label":"setup","document_id":"1A578A7C","expansion_state":0,"options":{"engine":"r","include":false,"label":"setup"},"row":9,"row_count":1,"visible":true},{"chunk_id":"ct9cu0xs5osgp","chunk_label":"load packages","document_id":"1A578A7C","expansion_state":0,"options":{"engine":"r","label":"load packages"},"row":33,"row_count":1,"visible":true},{"chunk_id":"cdfq94l3a2hod","chunk_label":"import data","document_id":"1A578A7C","expansion_state":0,"options":{"engine":"r","label":"import data"},"row":44,"row_count":1,"visible":true},{"chunk_id":"clxkaxr8ew2hc","chunk_label":"inspect and preview","document_id":"1A578A7C","expansion_state":0,"options":{"engine":"r","label":"inspect and preview"},"row":58,"row_count":1,"visible":true},{"chunk_id":"ctzvs7j0wm7ct","chunk_label":"review names","document_id":"1A578A7C","expansion_state":0,"options":{"engine":"r","label":"review names"},"row":72,"row_count":1,"visible":true},{"chunk_id":"ciam8aapfd7e6","chunk_label":"case","document_id":"1A578A7C","expansion_state":0,"options":{"engine":"r","label":"case"},"row":78,"row_count":1,"visible":true},{"chunk_id":"cobcd900z30y3","chunk_label":"review names again","document_id":"1A578A7C","expansion_state":0,"options":{"engine":"r","label":"review names again"},"row":84,"row_count":1,"visible":true},{"chunk_id":"c0xxk1btcebiz","chunk_label":"rename hsdistrict","document_id":"1A578A7C","expansion_state":0,"options":{"engine":"r","label":"rename hsdistrict"},"row":92,"row_count":1,"visible":true},{"chunk_id":"c09ewmwn60xwy","chunk_label":"select simple","document_id":"1A578A7C","expansion_state":0,"options":{"engine":"r","label":"select simple"},"row":99,"row_count":1,"visible":true},{"chunk_id":"c7fqto03g33x1","chunk_label":"select complex","document_id":"1A578A7C","expansion_state":0,"options":{"engine":"r","label":"select complex"},"row":105,"row_count":1,"visible":true},{"chunk_id":"cbtgvt6027xip","chunk_label":"your_turn 1","document_id":"1A578A7C","expansion_state":0,"options":{},"row":111,"row_count":1,"visible":true},{"chunk_id":"c4gt1spm0om5w","chunk_label":"summary","document_id":"1A578A7C","expansion_state":0,"options":{"engine":"r","label":"summary"},"row":118,"row_count":1,"visible":true},{"chunk_id":"cj898jhzau9km","chunk_label":"distinct names","document_id":"1A578A7C","expansion_state":0,"options":{"engine":"r","label":"distinct names"},"row":126,"row_count":1,"visible":true},{"chunk_id":"ckad5nziouem7","chunk_label":"filter","document_id":"1A578A7C","expansion_state":0,"options":{"engine":"r","label":"filter"},"row":132,"row_count":1,"visible":true},{"chunk_id":"ctgo5iaznr5wy","chunk_label":"your_turn 2","document_id":"1A578A7C","expansion_state":0,"options":{},"row":138,"row_count":1,"visible":true},{"chunk_id":"csp344l6m87hb","chunk_label":"arrange","document_id":"1A578A7C","expansion_state":0,"options":{"engine":"r","label":"arrange"},"row":145,"row_count":1,"visible":true},{"chunk_id":"cs1ig6m4throy","chunk_label":"arrange descending","document_id":"1A578A7C","expansion_state":0,"options":{"engine":"r","label":"arrange descending"},"row":150,"row_count":1,"visible":true},{"chunk_id":"cnfqupp9nt19n","chunk_label":"your_turn 3","document_id":"1A578A7C","expansion_state":0,"options":{},"row":156,"row_count":1,"visible":true},{"chunk_id":"cnq32yfdzwtbq","chunk_label":"intermediate steps","document_id":"1A578A7C","expansion_state":0,"options":{"engine":"r","label":"intermediate steps"},"row":166,"row_count":1,"visible":true},{"chunk_id":"cxy3rxf2qtumv","chunk_label":"nesting","document_id":"1A578A7C","expansion_state":0,"options":{"engine":"r","label":"nesting"},"row":173,"row_count":1,"visible":true},{"chunk_id":"ckuh4hdx4dld0","chunk_label":"pipe","document_id":"1A578A7C","expansion_state":0,"options":{"engine":"r","label":"pipe"},"row":186,"row_count":1,"visible":true},{"chunk_id":"cu66qxv5erk90","chunk_label":"your_turn 4","document_id":"1A578A7C","expansion_state":0,"options":{},"row":200,"row_count":1,"visible":true},{"chunk_id":"cptxpcvdz71gr","chunk_label":"count","document_id":"1A578A7C","expansion_state":0,"options":{"engine":"r","label":"count"},"row":208,"row_count":1,"visible":true},{"chunk_id":"cf6vh7obleb87","chunk_label":"count sort","document_id":"1A578A7C","expansion_state":0,"options":{"engine":"r","label":"count sort"},"row":214,"row_count":1,"visible":true},{"chunk_id":"cgfnvfd231hbh","chunk_label":"your_turn 5","document_id":"1A578A7C","expansion_state":0,"options":{},"row":221,"row_count":1,"visible":true},{"chunk_id":"c1uunq3vnzkd8","chunk_label":"summary totalvalue","document_id":"1A578A7C","expansion_state":0,"options":{"engine":"r","label":"summary totalvalue"},"row":228,"row_count":1,"visible":true},{"chunk_id":"cmvax1ujl5632","chunk_label":"mutate","document_id":"1A578A7C","expansion_state":0,"options":{"engine":"r","label":"mutate"},"row":237,"row_count":1,"visible":true},{"chunk_id":"cdj09mezknfp9","chunk_label":"mutate mean","document_id":"1A578A7C","expansion_state":0,"options":{"engine":"r","label":"mutate mean"},"row":244,"row_count":1,"visible":true},{"chunk_id":"cpfs1a485vu39","chunk_label":"your_turn 6","document_id":"1A578A7C","expansion_state":0,"options":{},"row":254,"row_count":1,"visible":true},{"chunk_id":"cgygmhl91djtb","chunk_label":"filter and arrange with vertical bar","document_id":"1A578A7C","expansion_state":0,"options":{"engine":"r","label":"filter and arrange with vertical bar"},"row":264,"row_count":1,"visible":true},{"chunk_id":"c0ut7ecm6k97e","chunk_label":"filter and arrange with %in%","document_id":"1A578A7C","expansion_state":0,"options":{"engine":"r","label":"filter and arrange with %in%"},"row":272,"row_count":1,"visible":true},{"chunk_id":"cr1n5n9lfc4m6","chunk_label":"your_turn 7","document_id":"1A578A7C","expansion_state":0,"options":{},"row":278,"row_count":1,"visible":true}],"default_chunk_options":{"echo":true},"doc_write_time":1599158533,"working_dir":null}