{"chunk_definitions":[{"chunk_id":"csetup_chunk","chunk_label":"setup","document_id":"B51634B3","expansion_state":0,"options":{"engine":"r","include":false,"label":"setup"},"row":9,"row_count":1,"visible":true},{"chunk_id":"ctll96zvopbr3","chunk_label":"import data","document_id":"B51634B3","expansion_state":0,"options":{"engine":"r","label":"import data"},"row":41,"row_count":1,"visible":true},{"chunk_id":"cozntyt6oo5ih","chunk_label":"inspact and preview","document_id":"B51634B3","expansion_state":0,"options":{"engine":"r","label":"inspact and preview"},"row":50,"row_count":1,"visible":true},{"chunk_id":"cj3op6sjk1pq4","chunk_label":"clean names","document_id":"B51634B3","expansion_state":0,"options":{"engine":"r","label":"clean names"},"row":73,"row_count":1,"visible":true},{"chunk_id":"ck3gt3ddt9kv1","chunk_label":"review names","document_id":"B51634B3","expansion_state":0,"options":{"engine":"r","label":"review names"},"row":79,"row_count":1,"visible":true},{"chunk_id":"crxgz4361pao8","chunk_label":"janitor clean names","document_id":"B51634B3","expansion_state":0,"options":{"engine":"r","label":"janitor clean names"},"row":87,"row_count":1,"visible":true},{"chunk_id":"cafz7oxqw8izi","chunk_label":"rename hsdistrict","document_id":"B51634B3","expansion_state":0,"options":{"engine":"r","label":"rename hsdistrict"},"row":95,"row_count":1,"visible":true},{"chunk_id":"cp2i2ebssfz06","chunk_label":"select variables","document_id":"B51634B3","expansion_state":0,"options":{"engine":"r","label":"select variables"},"row":109,"row_count":1,"visible":true},{"chunk_id":"clycz61ladfdm","chunk_label":"pipe","document_id":"B51634B3","expansion_state":0,"options":{"engine":"r","label":"pipe"},"row":127,"row_count":1,"visible":true},{"chunk_id":"c54j1jik0m7rv","chunk_label":"export","document_id":"B51634B3","expansion_state":0,"options":{"engine":"r","label":"export"},"row":135,"row_count":1,"visible":true},{"chunk_id":"c4hcbz1eld8by","chunk_label":"summary","document_id":"B51634B3","expansion_state":0,"options":{"engine":"r","label":"summary"},"row":145,"row_count":1,"visible":true},{"chunk_id":"cmok8t6obsqqp","chunk_label":"arrange highest values at the top","document_id":"B51634B3","expansion_state":0,"options":{"engine":"r","label":"arrange highest values at the top"},"row":159,"row_count":1,"visible":true},{"chunk_id":"cp2uow3a3zql9","chunk_label":"subset with filter","document_id":"B51634B3","expansion_state":0,"options":{"engine":"r","label":"subset with filter"},"row":169,"row_count":1,"visible":true},{"chunk_id":"ci8gevf3wko6g","chunk_label":"save as factors","document_id":"B51634B3","expansion_state":0,"options":{"engine":"r","label":"save as factors"},"row":189,"row_count":1,"visible":true},{"chunk_id":"cpfd9r1dice78","chunk_label":"filter and arrange with vertical bar","document_id":"B51634B3","expansion_state":0,"options":{"engine":"r","label":"filter and arrange with vertical bar"},"row":209,"row_count":1,"visible":true},{"chunk_id":"cblp1p1ojprxj","chunk_label":"filter and arrange with %in%","document_id":"B51634B3","expansion_state":0,"options":{"engine":"r","label":"filter and arrange with %in%"},"row":219,"row_count":1,"visible":true},{"chunk_id":"clkqm1pc6a102","chunk_label":"summarize","document_id":"B51634B3","expansion_state":0,"options":{"engine":"r","label":"summarize"},"row":232,"row_count":1,"visible":true},{"chunk_id":"c213e0947ukno","chunk_label":"group_by","document_id":"B51634B3","expansion_state":0,"options":{"engine":"r","label":"group_by"},"row":242,"row_count":1,"visible":true},{"chunk_id":"c9ruf639u6pmo","chunk_label":"group_by single attribute","document_id":"B51634B3","expansion_state":0,"options":{"engine":"r","label":"group_by single attribute"},"row":254,"row_count":1,"visible":true},{"chunk_id":"c02ha4nou7ca0","chunk_label":"group_by more than one attribute","document_id":"B51634B3","expansion_state":0,"options":{"engine":"r","label":"group_by more than one attribute"},"row":265,"row_count":1,"visible":true},{"chunk_id":"c3pwboauczdst","chunk_label":"mutate","document_id":"B51634B3","expansion_state":0,"options":{"engine":"r","label":"mutate"},"row":289,"row_count":1,"visible":true},{"chunk_id":"cc0ggxcgkqldo","chunk_label":"pipe it all together","document_id":"B51634B3","expansion_state":0,"options":{"engine":"r","label":"pipe it all together"},"row":299,"row_count":1,"visible":true}],"default_chunk_options":{"echo":true},"doc_write_time":1597163484,"working_dir":null}