{"chunk_definitions":[{"chunk_id":"cfiq6z1epn3bc","chunk_label":"load packages","document_id":"B51634B3","expansion_state":0,"options":{"engine":"r","label":"load packages"},"row":39,"row_count":1,"visible":true},{"chunk_id":"ckrlri38yzwgv","chunk_label":"import data","document_id":"B51634B3","expansion_state":0,"options":{"engine":"r","label":"import data"},"row":47,"row_count":1,"visible":true},{"chunk_id":"ctnwiprwg280p","chunk_label":"inspact and preview","document_id":"B51634B3","expansion_state":0,"options":{"engine":"r","label":"inspact and preview"},"row":56,"row_count":1,"visible":true}],"default_chunk_options":{"echo":true},"doc_write_time":1597433707,"working_dir":null}