{"chunk_definitions":[{"chunk_id":"csetup_chunk","chunk_label":"setup","document_id":"B51634B3","expansion_state":0,"options":{"engine":"r","include":false,"label":"setup"},"row":9,"row_count":1,"visible":true},{"chunk_id":"cw4o73adwr0vz","chunk_label":"load packages","document_id":"B51634B3","expansion_state":0,"options":{"engine":"r","label":"load packages"},"row":26,"row_count":1,"visible":true},{"chunk_id":"ctpwcvy4wjnhz","chunk_label":"import data","document_id":"B51634B3","expansion_state":0,"options":{"engine":"r","label":"import data"},"row":40,"row_count":1,"visible":true},{"chunk_id":"cp1jiclcn7jgz","chunk_label":"clean names","document_id":"B51634B3","expansion_state":0,"options":{"engine":"r","label":"clean names"},"row":75,"row_count":1,"visible":true}],"default_chunk_options":{"echo":true},"doc_write_time":1597076137,"working_dir":null}