{"chunk_definitions":[{"chunk_id":"csetup_chunk","chunk_label":"setup","document_id":"B51634B3","expansion_state":0,"options":{"engine":"r","include":false,"label":"setup"},"row":9,"row_count":1,"visible":true},{"chunk_id":"cjb9q98hgxcmr","chunk_label":"load packages","document_id":"B51634B3","expansion_state":0,"options":{"engine":"r","label":"load packages"},"row":26,"row_count":1,"visible":true},{"chunk_id":"cfvkumhhel83c","chunk_label":"import data","document_id":"B51634B3","expansion_state":0,"options":{"engine":"r","label":"import data"},"row":33,"row_count":1,"visible":true},{"chunk_id":"cwvwkqvvhm603","chunk_label":"inspact and preview","document_id":"B51634B3","expansion_state":0,"options":{"engine":"r","label":"inspact and preview"},"row":42,"row_count":1,"visible":true},{"chunk_id":"cbyx94r0i4kma","chunk_label":"clean names","document_id":"B51634B3","expansion_state":0,"options":{"engine":"r","label":"clean names"},"row":78,"row_count":1,"visible":true},{"chunk_id":"cmv1138srhiba","chunk_label":"select variables","document_id":"B51634B3","expansion_state":0,"options":{"engine":"r","label":"select variables"},"row":91,"row_count":1,"visible":true},{"chunk_id":"co54j2q3f638w","chunk_label":"pipe","document_id":"B51634B3","expansion_state":0,"options":{"engine":"r","label":"pipe"},"row":109,"row_count":1,"visible":true},{"chunk_id":"c7l83uxngisc7","chunk_label":"export","document_id":"B51634B3","expansion_state":0,"options":{"engine":"r","label":"export"},"row":117,"row_count":1,"visible":true},{"chunk_id":"cwzd6zwusxydk","chunk_label":"arrange highest values at the top","document_id":"B51634B3","expansion_state":0,"options":{"engine":"r","label":"arrange highest values at the top"},"row":145,"row_count":1,"visible":true},{"chunk_id":"clehm2qnx3rfg","chunk_label":"subset with filter","document_id":"B51634B3","expansion_state":0,"options":{"engine":"r","label":"subset with filter"},"row":153,"row_count":1,"visible":true},{"chunk_id":"ccpywtxe44yec","chunk_label":"save as factors","document_id":"B51634B3","expansion_state":0,"options":{"engine":"r","label":"save as factors"},"row":163,"row_count":1,"visible":true},{"chunk_id":"c8qetreyraxrm","chunk_label":"filter and arrange","document_id":"B51634B3","expansion_state":0,"options":{"engine":"r","label":"filter and arrange"},"row":184,"row_count":1,"visible":true},{"chunk_id":"c0tyiam2eikl7","chunk_label":"group_by and summarize","document_id":"B51634B3","expansion_state":0,"options":{"engine":"r","label":"group_by and summarize"},"row":204,"row_count":1,"visible":true},{"chunk_id":"cpf275024ut63","chunk_label":"unnamed-chunk-1","document_id":"B51634B3","expansion_state":0,"options":{"engine":"r","label":"unnamed-chunk-3"},"row":228,"row_count":1,"visible":true},{"chunk_id":"clhns9c0m6otu","chunk_label":"compute new variables","document_id":"B51634B3","expansion_state":0,"options":{"engine":"r","label":"compute new variables"},"row":250,"row_count":1,"visible":true},{"chunk_id":"crf5swbtqmcei","chunk_label":"unite variables","document_id":"B51634B3","expansion_state":0,"options":{"engine":"r","label":"unite variables"},"row":262,"row_count":1,"visible":true},{"chunk_id":"cp90sjlm9xq3j","chunk_label":"mutate","document_id":"B51634B3","expansion_state":0,"options":{"engine":"r","label":"mutate"},"row":276,"row_count":1,"visible":true},{"chunk_id":"cbjhapc2uf2p2","chunk_label":"pipe it all together","document_id":"B51634B3","expansion_state":0,"options":{"engine":"r","label":"pipe it all together"},"row":287,"row_count":1,"visible":true}],"default_chunk_options":{"echo":true},"doc_write_time":1597090976,"working_dir":null}