{"chunk_definitions":[{"chunk_id":"csetup_chunk","chunk_label":"setup","document_id":"1A578A7C","expansion_state":0,"options":{"engine":"r","include":false,"label":"setup"},"row":9,"row_count":1,"visible":true},{"chunk_id":"cg0t7xv9mg9xt","chunk_label":"import data","document_id":"1A578A7C","expansion_state":0,"options":{"engine":"r","label":"import data"},"row":44,"row_count":1,"visible":true},{"chunk_id":"cfata0pd6umhz","chunk_label":"inspect and preview","document_id":"1A578A7C","expansion_state":0,"options":{"engine":"r","label":"inspect and preview"},"row":58,"row_count":1,"visible":true},{"chunk_id":"czs4tana1kw3c","chunk_label":"review names","document_id":"1A578A7C","expansion_state":0,"options":{"engine":"r","label":"review names"},"row":72,"row_count":1,"visible":true},{"chunk_id":"c50x3mni6va3g","chunk_label":"case","document_id":"1A578A7C","expansion_state":0,"options":{"engine":"r","label":"case"},"row":78,"row_count":1,"visible":true},{"chunk_id":"c5vqdr8vsyvij","chunk_label":"review names again","document_id":"1A578A7C","expansion_state":0,"options":{"engine":"r","label":"review names again"},"row":84,"row_count":1,"visible":true},{"chunk_id":"c65r62416ir4l","chunk_label":"rename hsdistrict","document_id":"1A578A7C","expansion_state":0,"options":{"engine":"r","label":"rename hsdistrict"},"row":92,"row_count":1,"visible":true},{"chunk_id":"cppwkgzn7jull","chunk_label":"select simple","document_id":"1A578A7C","expansion_state":0,"options":{"engine":"r","label":"select simple"},"row":99,"row_count":1,"visible":true},{"chunk_id":"cqqvmw64kv1sy","chunk_label":"select complex","document_id":"1A578A7C","expansion_state":0,"options":{"engine":"r","label":"select complex"},"row":105,"row_count":1,"visible":true},{"chunk_id":"cj9f027fn2wdb","chunk_label":"your_turn 1","document_id":"1A578A7C","expansion_state":0,"options":{"engine":"r","label":"your_turn 1"},"row":111,"row_count":1,"visible":true},{"chunk_id":"c44tm2gc8uyf9","chunk_label":"summary","document_id":"1A578A7C","expansion_state":0,"options":{"engine":"r","label":"summary"},"row":118,"row_count":1,"visible":true},{"chunk_id":"c95hjlusdxjtm","chunk_label":"distinct names","document_id":"1A578A7C","expansion_state":0,"options":{"engine":"r","label":"distinct names"},"row":126,"row_count":1,"visible":true},{"chunk_id":"c58vauxbxzcgd","chunk_label":"filter","document_id":"1A578A7C","expansion_state":0,"options":{"engine":"r","label":"filter"},"row":132,"row_count":1,"visible":true},{"chunk_id":"c1vy86rmhmyb0","chunk_label":"your_turn 2","document_id":"1A578A7C","expansion_state":0,"options":{"engine":"r","label":"your_turn 2"},"row":138,"row_count":1,"visible":true},{"chunk_id":"c5luf9nesvtdh","chunk_label":"arrange","document_id":"1A578A7C","expansion_state":0,"options":{"engine":"r","label":"arrange"},"row":145,"row_count":1,"visible":true},{"chunk_id":"ci7gmzajwsoai","chunk_label":"arrange descending","document_id":"1A578A7C","expansion_state":0,"options":{"engine":"r","label":"arrange descending"},"row":150,"row_count":1,"visible":true},{"chunk_id":"c75xmiymidxdk","chunk_label":"your_turn 3","document_id":"1A578A7C","expansion_state":0,"options":{"engine":"r","label":"your_turn 3"},"row":156,"row_count":1,"visible":true},{"chunk_id":"cxutfialvgnye","chunk_label":"intermediate steps","document_id":"1A578A7C","expansion_state":0,"options":{"engine":"r","label":"intermediate steps"},"row":166,"row_count":1,"visible":true},{"chunk_id":"cze5khu2yjsld","chunk_label":"nesting","document_id":"1A578A7C","expansion_state":0,"options":{"engine":"r","label":"nesting"},"row":173,"row_count":1,"visible":true},{"chunk_id":"crlv93ri92cdr","chunk_label":"pipe","document_id":"1A578A7C","expansion_state":0,"options":{"engine":"r","label":"pipe"},"row":186,"row_count":1,"visible":true},{"chunk_id":"celsg0v0lcba1","chunk_label":"count","document_id":"1A578A7C","expansion_state":0,"options":{"engine":"r","label":"count"},"row":211,"row_count":1,"visible":true},{"chunk_id":"cfuwf1a5csime","chunk_label":"count sort","document_id":"1A578A7C","expansion_state":0,"options":{"engine":"r","label":"count sort"},"row":217,"row_count":1,"visible":true},{"chunk_id":"c8dhvsnq4rj5w","chunk_label":"your_turn 5","document_id":"1A578A7C","expansion_state":0,"options":{"engine":"r","label":"your_turn 5"},"row":225,"row_count":1,"visible":true},{"chunk_id":"ciikmrbc0f3s8","chunk_label":"summary totalvalue","document_id":"1A578A7C","expansion_state":0,"options":{"engine":"r","label":"summary totalvalue"},"row":232,"row_count":1,"visible":true},{"chunk_id":"cwxielxza7ae4","chunk_label":"mutate","document_id":"1A578A7C","expansion_state":0,"options":{"engine":"r","label":"mutate"},"row":241,"row_count":1,"visible":true},{"chunk_id":"cafen0pf0psv5","chunk_label":"mutate mean","document_id":"1A578A7C","expansion_state":0,"options":{"engine":"r","label":"mutate mean"},"row":248,"row_count":1,"visible":true},{"chunk_id":"czp138p6ixfws","chunk_label":"your_turn 6","document_id":"1A578A7C","expansion_state":0,"options":{"engine":"r","label":"your_turn 6"},"row":264,"row_count":1,"visible":true},{"chunk_id":"cewr11bbmqkp5","chunk_label":"filter and arrange with vertical bar","document_id":"1A578A7C","expansion_state":0,"options":{"engine":"r","label":"filter and arrange with vertical bar"},"row":274,"row_count":1,"visible":true},{"chunk_id":"csrtjn6j8wmpn","chunk_label":"filter and arrange with %in%","document_id":"1A578A7C","expansion_state":0,"options":{"engine":"r","label":"filter and arrange with %in%"},"row":282,"row_count":1,"visible":true},{"chunk_id":"c1xb2fmbha0h0","chunk_label":"your_turn 7","document_id":"1A578A7C","expansion_state":0,"options":{"engine":"r","label":"your_turn 7"},"row":289,"row_count":1,"visible":true},{"chunk_id":"col4fceudjcat","chunk_label":"count-1","document_id":"1A578A7C","expansion_state":0,"options":{"engine":"r","label":"count"},"row":299,"row_count":1,"visible":true},{"chunk_id":"cokvidfl6ss9i","chunk_label":"group_by and summarize","document_id":"1A578A7C","expansion_state":0,"options":{"engine":"r","label":"group_by and summarize"},"row":309,"row_count":1,"visible":true},{"chunk_id":"cxnlopfhf79gh","chunk_label":"group_by more than one attribute","document_id":"1A578A7C","expansion_state":0,"options":{"engine":"r","label":"group_by more than one attribute"},"row":321,"row_count":1,"visible":true},{"chunk_id":"c12hsf4myqxwc","chunk_label":"your_turn 8","document_id":"1A578A7C","expansion_state":0,"options":{"engine":"r","label":"your_turn 8"},"row":332,"row_count":1,"visible":true},{"chunk_id":"cu27r20erhwqm","chunk_label":"export","document_id":"1A578A7C","expansion_state":0,"options":{"engine":"r","label":"export"},"row":355,"row_count":1,"visible":true}],"default_chunk_options":{"echo":true},"doc_write_time":1599749735,"working_dir":null}