{"chunk_definitions":[{"chunk_id":"csetup_chunk","chunk_label":"setup","document_id":"B51634B3","expansion_state":0,"options":{"engine":"r","include":false,"label":"setup"},"row":9,"row_count":1,"visible":true},{"chunk_id":"cp2i2ebssfz06","chunk_label":"select variables","document_id":"B51634B3","expansion_state":0,"options":{"engine":"r","label":"select variables"},"row":100,"row_count":1,"visible":true},{"chunk_id":"clycz61ladfdm","chunk_label":"pipe","document_id":"B51634B3","expansion_state":0,"options":{"engine":"r","label":"pipe"},"row":118,"row_count":1,"visible":true},{"chunk_id":"c54j1jik0m7rv","chunk_label":"export","document_id":"B51634B3","expansion_state":0,"options":{"engine":"r","label":"export"},"row":126,"row_count":1,"visible":true},{"chunk_id":"c4hcbz1eld8by","chunk_label":"summary","document_id":"B51634B3","expansion_state":0,"options":{"engine":"r","label":"summary"},"row":136,"row_count":1,"visible":true},{"chunk_id":"cmok8t6obsqqp","chunk_label":"arrange highest values at the top","document_id":"B51634B3","expansion_state":0,"options":{"engine":"r","label":"arrange highest values at the top"},"row":150,"row_count":1,"visible":true},{"chunk_id":"cp2uow3a3zql9","chunk_label":"subset with filter","document_id":"B51634B3","expansion_state":0,"options":{"engine":"r","label":"subset with filter"},"row":160,"row_count":1,"visible":true},{"chunk_id":"cporonspa6j4s","chunk_label":"save as factors","document_id":"B51634B3","expansion_state":0,"options":{"engine":"r","label":"save as factors"},"row":176,"row_count":1,"visible":true}],"default_chunk_options":{"echo":true},"doc_write_time":1597157836,"working_dir":null}