{"chunk_definitions":[{"chunk_id":"csetup_chunk","chunk_label":"setup","document_id":"B51634B3","expansion_state":0,"options":{"engine":"r","include":false,"label":"setup"},"row":9,"row_count":1,"visible":true},{"chunk_id":"crr8rud6dcodq","chunk_label":"load packages","document_id":"B51634B3","expansion_state":0,"options":{"engine":"r","label":"load packages"},"row":39,"row_count":1,"visible":true},{"chunk_id":"c6ag25pgnkeb4","chunk_label":"import data","document_id":"B51634B3","expansion_state":0,"options":{"engine":"r","label":"import data"},"row":47,"row_count":1,"visible":true},{"chunk_id":"crx08hc1dhv7e","chunk_label":"inspact and preview","document_id":"B51634B3","expansion_state":0,"options":{"engine":"r","label":"inspact and preview"},"row":56,"row_count":1,"visible":true},{"chunk_id":"cmppg08sa74aj","chunk_label":"clean names","document_id":"B51634B3","expansion_state":0,"options":{"engine":"r","label":"clean names"},"row":78,"row_count":1,"visible":true},{"chunk_id":"cncv8nxcyh49h","chunk_label":"review names","document_id":"B51634B3","expansion_state":0,"options":{"engine":"r","label":"review names"},"row":84,"row_count":1,"visible":true},{"chunk_id":"cbg072xi5vorm","chunk_label":"janitor clean names","document_id":"B51634B3","expansion_state":0,"options":{"engine":"r","label":"janitor clean names"},"row":92,"row_count":1,"visible":true},{"chunk_id":"cm8nz7vhvhaf5","chunk_label":"rename hsdistrict","document_id":"B51634B3","expansion_state":0,"options":{"engine":"r","label":"rename hsdistrict"},"row":100,"row_count":1,"visible":true},{"chunk_id":"c04lelzsf9j2w","chunk_label":"factors","document_id":"B51634B3","expansion_state":0,"options":{"engine":"r","label":"factors"},"row":120,"row_count":1,"visible":true},{"chunk_id":"caqwva7wt100n","chunk_label":"select variables","document_id":"B51634B3","expansion_state":0,"options":{"engine":"r","label":"select variables"},"row":135,"row_count":1,"visible":true},{"chunk_id":"ctzigv9cc4fs1","chunk_label":"summary","document_id":"B51634B3","expansion_state":0,"options":{"engine":"r","label":"summary"},"row":143,"row_count":1,"visible":true},{"chunk_id":"cd2depxazb8xh","chunk_label":"filter","document_id":"B51634B3","expansion_state":0,"options":{"engine":"r","label":"filter"},"row":156,"row_count":1,"visible":true},{"chunk_id":"c1ts9kjlbxeot","chunk_label":"arrange","document_id":"B51634B3","expansion_state":0,"options":{"engine":"r","label":"arrange"},"row":169,"row_count":1,"visible":true},{"chunk_id":"cszhjl3kbokqj","chunk_label":"intermediate steps","document_id":"B51634B3","expansion_state":0,"options":{"engine":"r","label":"intermediate steps"},"row":178,"row_count":1,"visible":true},{"chunk_id":"cudojm9pmd7so","chunk_label":"nesting","document_id":"B51634B3","expansion_state":0,"options":{"engine":"r","label":"nesting"},"row":184,"row_count":1,"visible":true},{"chunk_id":"cy09n17w9ckf5","chunk_label":"pipe","document_id":"B51634B3","expansion_state":0,"options":{"engine":"r","label":"pipe"},"row":195,"row_count":1,"visible":true},{"chunk_id":"cn1cthkoj25f3","chunk_label":"your_turn 1","document_id":"B51634B3","expansion_state":0,"options":{},"row":202,"row_count":1,"visible":true},{"chunk_id":"ccjguovwez3fv","chunk_label":"mutate","document_id":"B51634B3","expansion_state":0,"options":{"engine":"r","label":"mutate"},"row":219,"row_count":1,"visible":true},{"chunk_id":"cf3zwv3lpmivd","chunk_label":"unite","document_id":"B51634B3","expansion_state":0,"options":{"engine":"r","label":"unite"},"row":226,"row_count":1,"visible":true},{"chunk_id":"cqy55tpb0g9zx","chunk_label":"your_turn 2","document_id":"B51634B3","expansion_state":0,"options":{"engine":"r","label":"your_turn 2"},"row":240,"row_count":1,"visible":true},{"chunk_id":"c0x3oka6krcss","chunk_label":"filter and arrange with vertical bar","document_id":"B51634B3","expansion_state":0,"options":{"engine":"r","label":"filter and arrange with vertical bar"},"row":252,"row_count":1,"visible":true},{"chunk_id":"cmowm5qhps7u6","chunk_label":"filter and arrange with %in%","document_id":"B51634B3","expansion_state":0,"options":{"engine":"r","label":"filter and arrange with %in%"},"row":262,"row_count":1,"visible":true},{"chunk_id":"ckkzga191qilg","chunk_label":"group_by and summarize","document_id":"B51634B3","expansion_state":0,"options":{"engine":"r","label":"group_by and summarize"},"row":278,"row_count":1,"visible":true},{"chunk_id":"cuqqn8lva4848","chunk_label":"group_by more than one attribute","document_id":"B51634B3","expansion_state":0,"options":{"engine":"r","label":"group_by more than one attribute"},"row":290,"row_count":1,"visible":true},{"chunk_id":"cajebyjqcp8tc","chunk_label":"count","document_id":"B51634B3","expansion_state":0,"options":{"engine":"r","label":"count"},"row":298,"row_count":1,"visible":true},{"chunk_id":"c72qt5xyxxz5h","chunk_label":"count sort","document_id":"B51634B3","expansion_state":0,"options":{"engine":"r","label":"count sort"},"row":303,"row_count":1,"visible":true},{"chunk_id":"c2vbxd3x2vg3h","chunk_label":"your_turn 3.1","document_id":"B51634B3","expansion_state":0,"options":{"engine":"r","label":"your_turn 3.1"},"row":312,"row_count":1,"visible":true},{"chunk_id":"chv9n8aa3ud0r","chunk_label":"your_turn 3.2","document_id":"B51634B3","expansion_state":0,"options":{"engine":"r","label":"your_turn 3.2"},"row":321,"row_count":1,"visible":true},{"chunk_id":"chwcp6j83oq4a","chunk_label":"pipe it all together","document_id":"B51634B3","expansion_state":0,"options":{"engine":"r","label":"pipe it all together"},"row":331,"row_count":1,"visible":true},{"chunk_id":"ce8jc22g411lt","chunk_label":"make a wide example","document_id":"B51634B3","expansion_state":0,"options":{"engine":"r","label":"make a wide example"},"row":351,"row_count":1,"visible":true},{"chunk_id":"cg6i54xsdqw3y","chunk_label":"wide example","document_id":"B51634B3","expansion_state":0,"options":{"engine":"r","label":"wide example"},"row":360,"row_count":1,"visible":true},{"chunk_id":"crjbfivr8qnhq","chunk_label":"pivot longer","document_id":"B51634B3","expansion_state":0,"options":{"engine":"r","label":"pivot longer"},"row":393,"row_count":1,"visible":true},{"chunk_id":"ceym6bbvq9hbf","chunk_label":"pivot wider","document_id":"B51634B3","expansion_state":0,"options":{"engine":"r","label":"pivot wider"},"row":409,"row_count":1,"visible":true},{"chunk_id":"c619ir4dm7dzb","chunk_label":"export","document_id":"B51634B3","expansion_state":0,"options":{"engine":"r","label":"export"},"row":465,"row_count":1,"visible":true}],"default_chunk_options":{"echo":true},"doc_write_time":1597433491,"working_dir":null}