{"chunk_definitions":[{"chunk_id":"csetup_chunk","chunk_label":"setup","document_id":"12F38FCF","expansion_state":0,"options":{"engine":"r","include":false,"label":"setup"},"row":9,"row_count":1,"visible":true},{"chunk_id":"c2rmvoqyj6fi3","chunk_label":"load packages","document_id":"12F38FCF","expansion_state":0,"options":{"engine":"r","label":"load packages"},"row":33,"row_count":1,"visible":true},{"chunk_id":"c66d5021ewtv7","chunk_label":"review names","document_id":"12F38FCF","expansion_state":0,"options":{"engine":"r","label":"review names"},"row":72,"row_count":1,"visible":true},{"chunk_id":"cpr1nx3y9aaso","chunk_label":"case","document_id":"12F38FCF","expansion_state":0,"options":{"engine":"r","label":"case"},"row":78,"row_count":1,"visible":true},{"chunk_id":"cew22ltxnjqla","chunk_label":"review names again","document_id":"12F38FCF","expansion_state":0,"options":{"engine":"r","label":"review names again"},"row":84,"row_count":1,"visible":true},{"chunk_id":"cscfe0suvr81q","chunk_label":"rename hsdistrict","document_id":"12F38FCF","expansion_state":0,"options":{"engine":"r","label":"rename hsdistrict"},"row":92,"row_count":1,"visible":true},{"chunk_id":"cjxcls56gn2sf","chunk_label":"select simple","document_id":"12F38FCF","expansion_state":0,"options":{"engine":"r","label":"select simple"},"row":99,"row_count":1,"visible":true},{"chunk_id":"ccnu3j4h9abyb","chunk_label":"select complex","document_id":"12F38FCF","expansion_state":0,"options":{"engine":"r","label":"select complex"},"row":105,"row_count":1,"visible":true},{"chunk_id":"cyy17hdhg6mhh","chunk_label":"summary","document_id":"12F38FCF","expansion_state":0,"options":{"engine":"r","label":"summary"},"row":118,"row_count":1,"visible":true},{"chunk_id":"cszykbo1pzuy7","chunk_label":"arrange","document_id":"12F38FCF","expansion_state":0,"options":{"engine":"r","label":"arrange"},"row":145,"row_count":1,"visible":true},{"chunk_id":"cgvgfcwckkocp","chunk_label":"arrange descending","document_id":"12F38FCF","expansion_state":0,"options":{"engine":"r","label":"arrange descending"},"row":150,"row_count":1,"visible":true},{"chunk_id":"c16e0u0qeesl6","chunk_label":"pipe","document_id":"12F38FCF","expansion_state":0,"options":{"engine":"r","label":"pipe"},"row":186,"row_count":1,"visible":true},{"chunk_id":"c560bn9o3z269","chunk_label":"count","document_id":"12F38FCF","expansion_state":0,"options":{"engine":"r","label":"count"},"row":212,"row_count":1,"visible":true},{"chunk_id":"cxa7h7cry3irl","chunk_label":"count sort","document_id":"12F38FCF","expansion_state":0,"options":{"engine":"r","label":"count sort"},"row":218,"row_count":1,"visible":true},{"chunk_id":"crfobnmtmz7is","chunk_label":"summary totalvalue","document_id":"12F38FCF","expansion_state":0,"options":{"engine":"r","label":"summary totalvalue"},"row":232,"row_count":1,"visible":true},{"chunk_id":"cjx8g3q4uofag","chunk_label":"mutate","document_id":"12F38FCF","expansion_state":0,"options":{"engine":"r","label":"mutate"},"row":241,"row_count":1,"visible":true},{"chunk_id":"cak7761znzfxd","chunk_label":"mutate mean","document_id":"12F38FCF","expansion_state":0,"options":{"engine":"r","label":"mutate mean"},"row":248,"row_count":1,"visible":true},{"chunk_id":"cxd0o5eln9wpu","chunk_label":"your_turn 6","document_id":"12F38FCF","expansion_state":0,"options":{"engine":"r","label":"your_turn 6"},"row":262,"row_count":1,"visible":true},{"chunk_id":"cd2cz99lzmt52","chunk_label":"filter and arrange with vertical bar","document_id":"12F38FCF","expansion_state":0,"options":{"engine":"r","label":"filter and arrange with vertical bar"},"row":272,"row_count":1,"visible":true},{"chunk_id":"czdshwrbco4cu","chunk_label":"filter and arrange with %in%","document_id":"12F38FCF","expansion_state":0,"options":{"engine":"r","label":"filter and arrange with %in%"},"row":280,"row_count":1,"visible":true},{"chunk_id":"cebdesnde90s9","chunk_label":"simple","document_id":"12F38FCF","expansion_state":0,"options":{"engine":"r","label":"count"},"row":296,"row_count":1,"visible":true},{"chunk_id":"cbdnay2ibr9vu","chunk_label":"group_by and summarize","document_id":"12F38FCF","expansion_state":0,"options":{"engine":"r","label":"group_by and summarize"},"row":306,"row_count":1,"visible":true},{"chunk_id":"cvh2ny2n20c58","chunk_label":"group_by more than one attribute","document_id":"12F38FCF","expansion_state":0,"options":{"engine":"r","label":"group_by more than one attribute"},"row":317,"row_count":1,"visible":true},{"chunk_id":"cg9t78xyuyv9n","chunk_label":"pipe it all together","document_id":"12F38FCF","expansion_state":0,"options":{"engine":"r","label":"pipe it all together"},"row":336,"row_count":1,"visible":true},{"chunk_id":"cbngqw9scwxh4","chunk_label":"export","document_id":"12F38FCF","expansion_state":0,"options":{"engine":"r","label":"export"},"row":347,"row_count":1,"visible":true}],"default_chunk_options":{"echo":true},"doc_write_time":1599682688,"working_dir":null}