{"chunk_definitions":[{"chunk_id":"csetup_chunk","chunk_label":"setup","document_id":"12F38FCF","expansion_state":0,"options":{"engine":"r","include":false,"label":"setup"},"row":9,"row_count":1,"visible":true},{"chunk_id":"cv24x1svjgi6n","chunk_label":"load packages","document_id":"12F38FCF","expansion_state":0,"options":{"engine":"r","label":"load packages"},"row":35,"row_count":1,"visible":true},{"chunk_id":"cbvx8tfez49s4","chunk_label":"import data","document_id":"12F38FCF","expansion_state":0,"options":{"engine":"r","label":"import data"},"row":46,"row_count":1,"visible":true},{"chunk_id":"ct5blwfkd9z7b","chunk_label":"inspect and preview","document_id":"12F38FCF","expansion_state":0,"options":{"engine":"r","label":"inspect and preview"},"row":60,"row_count":1,"visible":true},{"chunk_id":"cz527u4fysiet","chunk_label":"review names","document_id":"12F38FCF","expansion_state":0,"options":{"engine":"r","label":"review names"},"row":74,"row_count":1,"visible":true},{"chunk_id":"c35r9vbjrcp09","chunk_label":"case","document_id":"12F38FCF","expansion_state":0,"options":{"engine":"r","label":"case"},"row":80,"row_count":1,"visible":true},{"chunk_id":"cmbi52hlddxyq","chunk_label":"review names again","document_id":"12F38FCF","expansion_state":0,"options":{"engine":"r","label":"review names again"},"row":86,"row_count":1,"visible":true},{"chunk_id":"cpiaueb0oy3yp","chunk_label":"rename hsdistrict","document_id":"12F38FCF","expansion_state":0,"options":{"engine":"r","label":"rename hsdistrict"},"row":94,"row_count":1,"visible":true},{"chunk_id":"c6t1bkzsa0bju","chunk_label":"select simple","document_id":"12F38FCF","expansion_state":0,"options":{"engine":"r","label":"select simple"},"row":101,"row_count":1,"visible":true},{"chunk_id":"cdv8c2laxw0t2","chunk_label":"select complex","document_id":"12F38FCF","expansion_state":0,"options":{"engine":"r","label":"select complex"},"row":109,"row_count":1,"visible":true},{"chunk_id":"c9mvuzijqooux","chunk_label":"summary","document_id":"12F38FCF","expansion_state":0,"options":{"engine":"r","label":"summary"},"row":122,"row_count":1,"visible":true},{"chunk_id":"c5b7jlaqv0n22","chunk_label":"distinct names","document_id":"12F38FCF","expansion_state":0,"options":{"engine":"r","label":"distinct names"},"row":130,"row_count":1,"visible":true},{"chunk_id":"cl5qmbs23rx8c","chunk_label":"filter","document_id":"12F38FCF","expansion_state":0,"options":{"engine":"r","label":"filter"},"row":137,"row_count":1,"visible":true},{"chunk_id":"cz28kd5zlr43v","chunk_label":"arrange","document_id":"12F38FCF","expansion_state":0,"options":{"engine":"r","label":"arrange"},"row":161,"row_count":1,"visible":true},{"chunk_id":"cixmjvyn1xkxt","chunk_label":"arrange descending","document_id":"12F38FCF","expansion_state":0,"options":{"engine":"r","label":"arrange descending"},"row":166,"row_count":1,"visible":true},{"chunk_id":"c7vspjzal54hj","chunk_label":"intermediate steps","document_id":"12F38FCF","expansion_state":0,"options":{"engine":"r","label":"intermediate steps"},"row":182,"row_count":1,"visible":true},{"chunk_id":"cop30cjhc4dc9","chunk_label":"nesting","document_id":"12F38FCF","expansion_state":0,"options":{"engine":"r","label":"nesting"},"row":189,"row_count":1,"visible":true},{"chunk_id":"cp3oucjg0qrsi","chunk_label":"pipe","document_id":"12F38FCF","expansion_state":0,"options":{"engine":"r","label":"pipe"},"row":202,"row_count":1,"visible":true},{"chunk_id":"c54e1ud19l6fm","chunk_label":"count","document_id":"12F38FCF","expansion_state":0,"options":{"engine":"r","label":"count"},"row":224,"row_count":1,"visible":true},{"chunk_id":"c9n8zrulzbltu","chunk_label":"count sort","document_id":"12F38FCF","expansion_state":0,"options":{"engine":"r","label":"count sort"},"row":230,"row_count":1,"visible":true},{"chunk_id":"cq7qvesz1ljee","chunk_label":"your_turn 5","document_id":"12F38FCF","expansion_state":0,"options":{"engine":"r","label":"your_turn 5"},"row":236,"row_count":1,"visible":true}],"doc_write_time":1599764994}