{"chunk_definitions":[{"chunk_id":"csetup_chunk","chunk_label":"setup","document_id":"B51634B3","expansion_state":0,"options":{"engine":"r","include":false,"label":"setup"},"row":9,"row_count":1,"visible":true},{"chunk_id":"cqy2cb6d36esg","chunk_label":"load packages","document_id":"B51634B3","expansion_state":0,"options":{"engine":"r","label":"load packages"},"row":42,"row_count":1,"visible":true},{"chunk_id":"chzc8purtxkpt","chunk_label":"import data","document_id":"B51634B3","expansion_state":0,"options":{"engine":"r","label":"import data"},"row":53,"row_count":1,"visible":true},{"chunk_id":"cwxg4o6sw27ko","chunk_label":"inspact and preview","document_id":"B51634B3","expansion_state":0,"options":{"engine":"r","label":"inspact and preview"},"row":67,"row_count":1,"visible":true},{"chunk_id":"c5hpdguun3oyx","chunk_label":"review names","document_id":"B51634B3","expansion_state":0,"options":{"engine":"r","label":"review names"},"row":81,"row_count":1,"visible":true},{"chunk_id":"cr7uhx78z2e80","chunk_label":"case","document_id":"B51634B3","expansion_state":0,"options":{"engine":"r","label":"case"},"row":86,"row_count":1,"visible":true},{"chunk_id":"cogc8ff76fn0p","chunk_label":"review names","document_id":"B51634B3","expansion_state":0,"options":{"engine":"r","label":"review names"},"row":92,"row_count":1,"visible":true},{"chunk_id":"cbmgi8s1fxihq","chunk_label":"rename hsdistrict","document_id":"B51634B3","expansion_state":0,"options":{"engine":"r","label":"rename hsdistrict"},"row":100,"row_count":1,"visible":true},{"chunk_id":"cgzendg688gkj","chunk_label":"select simple","document_id":"B51634B3","expansion_state":0,"options":{"engine":"r","label":"select simple"},"row":126,"row_count":1,"visible":true},{"chunk_id":"cme4lrhp7gaw5","chunk_label":"select complex","document_id":"B51634B3","expansion_state":0,"options":{"engine":"r","label":"select complex"},"row":131,"row_count":1,"visible":true},{"chunk_id":"cb9m1siu1i3uv","chunk_label":"summary","document_id":"B51634B3","expansion_state":0,"options":{"engine":"r","label":"summary"},"row":144,"row_count":1,"visible":true},{"chunk_id":"c7v58ir3a1s3n","chunk_label":"distinct names","document_id":"B51634B3","expansion_state":0,"options":{"engine":"r","label":"distinct names"},"row":152,"row_count":1,"visible":true},{"chunk_id":"c3g9d5l9z5f8y","chunk_label":"filter","document_id":"B51634B3","expansion_state":0,"options":{"engine":"r","label":"filter"},"row":157,"row_count":1,"visible":true},{"chunk_id":"ctxdnao09vy7y","chunk_label":"arrange","document_id":"B51634B3","expansion_state":0,"options":{"engine":"r","label":"arrange"},"row":164,"row_count":1,"visible":true},{"chunk_id":"chny2p1iqnke5","chunk_label":"arrange descending","document_id":"B51634B3","expansion_state":0,"options":{"engine":"r","label":"arrange descending"},"row":169,"row_count":1,"visible":true},{"chunk_id":"c1c2uufg4om8e","chunk_label":"intermediate steps","document_id":"B51634B3","expansion_state":0,"options":{"engine":"r","label":"intermediate steps"},"row":186,"row_count":1,"visible":true},{"chunk_id":"cp3axzihncfb4","chunk_label":"nesting","document_id":"B51634B3","expansion_state":0,"options":{"engine":"r","label":"nesting"},"row":193,"row_count":1,"visible":true},{"chunk_id":"cc5cjlm3pawo9","chunk_label":"pipe","document_id":"B51634B3","expansion_state":0,"options":{"engine":"r","label":"pipe"},"row":210,"row_count":1,"visible":true},{"chunk_id":"cfruff7h4mug6","chunk_label":"summary totalvalue","document_id":"B51634B3","expansion_state":0,"options":{"engine":"r","label":"summary totalvalue"},"row":224,"row_count":1,"visible":true},{"chunk_id":"c383ithr2ycco","chunk_label":"mutate","document_id":"B51634B3","expansion_state":0,"options":{"engine":"r","label":"mutate"},"row":235,"row_count":1,"visible":true},{"chunk_id":"c2otilta3qbx1","chunk_label":"your_turn 4","document_id":"B51634B3","expansion_state":0,"options":{"engine":"r","label":"your_turn 4"},"row":249,"row_count":1,"visible":true},{"chunk_id":"ccdyscrk6ix55","chunk_label":"filter and arrange with vertical bar","document_id":"B51634B3","expansion_state":0,"options":{"engine":"r","label":"filter and arrange with vertical bar"},"row":260,"row_count":1,"visible":true},{"chunk_id":"cl4t40ho9fq03","chunk_label":"filter and arrange with %in%","document_id":"B51634B3","expansion_state":0,"options":{"engine":"r","label":"filter and arrange with %in%"},"row":270,"row_count":1,"visible":true},{"chunk_id":"c4bexircu3qqe","chunk_label":"group_by and summarize","document_id":"B51634B3","expansion_state":0,"options":{"engine":"r","label":"group_by and summarize"},"row":283,"row_count":1,"visible":true},{"chunk_id":"cp1vpqnxi454t","chunk_label":"group_by more than one attribute","document_id":"B51634B3","expansion_state":0,"options":{"engine":"r","label":"group_by more than one attribute"},"row":295,"row_count":1,"visible":true},{"chunk_id":"cnhorr0uvt91h","chunk_label":"count","document_id":"B51634B3","expansion_state":0,"options":{"engine":"r","label":"count"},"row":303,"row_count":1,"visible":true},{"chunk_id":"cr7tp2t8ewrje","chunk_label":"count sort","document_id":"B51634B3","expansion_state":0,"options":{"engine":"r","label":"count sort"},"row":309,"row_count":1,"visible":true},{"chunk_id":"cl1rfu3ztv4aw","chunk_label":"your_turn 5.1","document_id":"B51634B3","expansion_state":0,"options":{"engine":"r","label":"your_turn 5.1"},"row":320,"row_count":1,"visible":true},{"chunk_id":"carmh5bonii1w","chunk_label":"your_turn 5.2","document_id":"B51634B3","expansion_state":0,"options":{"engine":"r","label":"your_turn 5.2"},"row":327,"row_count":1,"visible":true},{"chunk_id":"cjjfeggu802pi","chunk_label":"pipe it all together","document_id":"B51634B3","expansion_state":0,"options":{"engine":"r","label":"pipe it all together"},"row":339,"row_count":1,"visible":true}],"doc_write_time":1598287485}