{"chunk_definitions":[{"chunk_id":"csetup_chunk","chunk_label":"setup","document_id":"B51634B3","expansion_state":0,"options":{"engine":"r","include":false,"label":"setup"},"row":9,"row_count":1,"visible":true},{"chunk_id":"c3vnds28l3owr","chunk_label":"load packages","document_id":"B51634B3","expansion_state":0,"options":{"engine":"r","label":"load packages"},"row":47,"row_count":1,"visible":true},{"chunk_id":"cjabe5i4pmrhh","chunk_label":"import data","document_id":"B51634B3","expansion_state":0,"options":{"engine":"r","label":"import data"},"row":56,"row_count":1,"visible":true},{"chunk_id":"crhtgcj9afhnb","chunk_label":"inspact and preview","document_id":"B51634B3","expansion_state":0,"options":{"engine":"r","label":"inspact and preview"},"row":67,"row_count":1,"visible":true},{"chunk_id":"cmogaw8m2y00g","chunk_label":"clean names","document_id":"B51634B3","expansion_state":0,"options":{"engine":"r","label":"clean names"},"row":88,"row_count":1,"visible":true},{"chunk_id":"cawoslcmrdom4","chunk_label":"review names","document_id":"B51634B3","expansion_state":0,"options":{"engine":"r","label":"review names"},"row":94,"row_count":1,"visible":true},{"chunk_id":"chvu1ba1uyypt","chunk_label":"janitor clean names","document_id":"B51634B3","expansion_state":0,"options":{"engine":"r","label":"janitor clean names"},"row":102,"row_count":1,"visible":true}],"doc_write_time":1597693104}