{"chunk_definitions":[{"chunk_id":"csetup_chunk","chunk_label":"setup","document_id":"B51634B3","expansion_state":0,"options":{"engine":"r","include":false,"label":"setup"},"row":9,"row_count":1,"visible":true},{"chunk_id":"cbyx94r0i4kma","chunk_label":"clean names","document_id":"B51634B3","expansion_state":0,"options":{"engine":"r","label":"clean names"},"row":78,"row_count":1,"visible":true},{"chunk_id":"cf57l9ofmbjyp","chunk_label":"export","document_id":"B51634B3","expansion_state":0,"options":{"engine":"r","label":"export"},"row":117,"row_count":1,"visible":true},{"chunk_id":"cj13yovdmv1yk","chunk_label":"summary","document_id":"B51634B3","expansion_state":0,"options":{"engine":"r","label":"summary"},"row":128,"row_count":1,"visible":true},{"chunk_id":"cwzd6zwusxydk","chunk_label":"arrange highest values at the top","document_id":"B51634B3","expansion_state":0,"options":{"engine":"r","label":"arrange highest values at the top"},"row":146,"row_count":1,"visible":true},{"chunk_id":"ccpywtxe44yec","chunk_label":"save as factors","document_id":"B51634B3","expansion_state":0,"options":{"engine":"r","label":"save as factors"},"row":164,"row_count":1,"visible":true},{"chunk_id":"c8qetreyraxrm","chunk_label":"filter and arrange","document_id":"B51634B3","expansion_state":0,"options":{"engine":"r","label":"filter and arrange"},"row":185,"row_count":1,"visible":true},{"chunk_id":"c0tyiam2eikl7","chunk_label":"group_by and summarize","document_id":"B51634B3","expansion_state":0,"options":{"engine":"r","label":"group_by and summarize"},"row":205,"row_count":1,"visible":true},{"chunk_id":"cpf275024ut63","chunk_label":"unnamed-chunk-1","document_id":"B51634B3","expansion_state":0,"options":{"engine":"r","label":"unnamed-chunk-8"},"row":229,"row_count":1,"visible":true}],"default_chunk_options":{"echo":true},"doc_write_time":1597089636,"working_dir":null}