{"chunk_definitions":[{"chunk_id":"csetup_chunk","chunk_label":"setup","document_id":"C02711BF","expansion_state":0,"options":{"engine":"r","include":false,"label":"setup"},"row":9,"row_count":1,"visible":true},{"chunk_id":"cnsn9588txg67","chunk_label":"import data","document_id":"C02711BF","expansion_state":0,"options":{"engine":"r","label":"import data"},"row":43,"row_count":1,"visible":true},{"chunk_id":"c0bnlk7cbjsup","chunk_label":"inspact and preview","document_id":"C02711BF","expansion_state":0,"options":{"engine":"r","label":"inspact and preview"},"row":57,"row_count":1,"visible":true}],"default_chunk_options":{"echo":true},"doc_write_time":1598295912,"working_dir":null}