{"chunk_definitions":[{"chunk_id":"csetup_chunk","chunk_label":"setup","document_id":"B51634B3","expansion_state":0,"options":{"engine":"r","include":false,"label":"setup"},"row":9,"row_count":1,"visible":true},{"chunk_id":"c57ffilr8f3jq","chunk_label":"load packages","document_id":"B51634B3","expansion_state":0,"options":{"engine":"r","label":"load packages"},"row":46,"row_count":1,"visible":true},{"chunk_id":"ch88vno944heh","chunk_label":"import data","document_id":"B51634B3","expansion_state":0,"options":{"engine":"r","label":"import data"},"row":57,"row_count":1,"visible":true},{"chunk_id":"ckrtk80xjr8cd","chunk_label":"inspact and preview","document_id":"B51634B3","expansion_state":0,"options":{"engine":"r","label":"inspact and preview"},"row":68,"row_count":1,"visible":true},{"chunk_id":"cxvtide08rg8i","chunk_label":"review names","document_id":"B51634B3","expansion_state":0,"options":{"engine":"r","label":"review names"},"row":84,"row_count":1,"visible":true},{"chunk_id":"ccptf6td6hcsh","chunk_label":"case","document_id":"B51634B3","expansion_state":0,"options":{"engine":"r","label":"case"},"row":89,"row_count":1,"visible":true},{"chunk_id":"cdnoaamebyjfm","chunk_label":"review names","document_id":"B51634B3","expansion_state":0,"options":{"engine":"r","label":"review names"},"row":95,"row_count":1,"visible":true}],"default_chunk_options":{"echo":true},"doc_write_time":1597937130,"working_dir":null}