{"chunk_definitions":[{"chunk_id":"csetup_chunk","chunk_label":"setup","document_id":"B51634B3","expansion_state":0,"options":{"engine":"r","include":false,"label":"setup"},"row":9,"row_count":1,"visible":true},{"chunk_id":"c4d1rfk5ce3yv","chunk_label":"load packages","document_id":"B51634B3","expansion_state":0,"options":{"engine":"r","label":"load packages"},"row":38,"row_count":1,"visible":true},{"chunk_id":"cd3fh53aj7jkh","chunk_label":"import data","document_id":"B51634B3","expansion_state":0,"options":{"engine":"r","label":"import data"},"row":46,"row_count":1,"visible":true},{"chunk_id":"cawagwplxttsq","chunk_label":"inspact and preview","document_id":"B51634B3","expansion_state":0,"options":{"engine":"r","label":"inspact and preview"},"row":55,"row_count":1,"visible":true},{"chunk_id":"cx83fjhxzk1c0","chunk_label":"clean names","document_id":"B51634B3","expansion_state":0,"options":{"engine":"r","label":"clean names"},"row":77,"row_count":1,"visible":true},{"chunk_id":"cl70ylbc6sw5o","chunk_label":"review names","document_id":"B51634B3","expansion_state":0,"options":{"engine":"r","label":"review names"},"row":83,"row_count":1,"visible":true},{"chunk_id":"cf8gkeyiikezg","chunk_label":"janitor clean names","document_id":"B51634B3","expansion_state":0,"options":{"engine":"r","label":"janitor clean names"},"row":91,"row_count":1,"visible":true},{"chunk_id":"cacnh5i7b3vfc","chunk_label":"rename hsdistrict","document_id":"B51634B3","expansion_state":0,"options":{"engine":"r","label":"rename hsdistrict"},"row":99,"row_count":1,"visible":true},{"chunk_id":"csddckluei8un","chunk_label":"select variables","document_id":"B51634B3","expansion_state":0,"options":{"engine":"r","label":"select variables"},"row":114,"row_count":1,"visible":true},{"chunk_id":"c8qkfgpw9e11g","chunk_label":"summary","document_id":"B51634B3","expansion_state":0,"options":{"engine":"r","label":"summary"},"row":125,"row_count":1,"visible":true}],"default_chunk_options":{"echo":true},"doc_write_time":1597172737,"working_dir":null}