{"chunk_definitions":[{"chunk_id":"csetup_chunk","chunk_label":"setup","document_id":"B51634B3","expansion_state":0,"options":{"engine":"r","include":false,"label":"setup"},"row":9,"row_count":1,"visible":true},{"chunk_id":"c1iohskvwmt90","chunk_label":"load packages","document_id":"B51634B3","expansion_state":0,"options":{"engine":"r","label":"load packages"},"row":46,"row_count":1,"visible":true},{"chunk_id":"cgzbrtuo9wqc5","chunk_label":"import data","document_id":"B51634B3","expansion_state":0,"options":{"engine":"r","label":"import data"},"row":55,"row_count":1,"visible":true},{"chunk_id":"cy0rhqiuf41wv","chunk_label":"inspact and preview","document_id":"B51634B3","expansion_state":0,"options":{"engine":"r","label":"inspact and preview"},"row":66,"row_count":1,"visible":true},{"chunk_id":"cs8ddnusa440c","chunk_label":"clean names","document_id":"B51634B3","expansion_state":0,"options":{"engine":"r","label":"clean names"},"row":86,"row_count":1,"visible":true},{"chunk_id":"c7t6jzwpyzbar","chunk_label":"review names","document_id":"B51634B3","expansion_state":0,"options":{"engine":"r","label":"review names"},"row":92,"row_count":1,"visible":true},{"chunk_id":"ccmctkg6krob5","chunk_label":"rename hsdistrict","document_id":"B51634B3","expansion_state":0,"options":{"engine":"r","label":"rename hsdistrict"},"row":100,"row_count":1,"visible":true}],"default_chunk_options":{"echo":true},"doc_write_time":1597693854,"working_dir":null}