"0","homes <- read_csv(here(""data"", ""raw"", ""albemarle_homes_2020.csv""))
"
"2","
[36m--[39m [1m[1mColumn specification[1m[22m [36m---------------------------------------------------------------------------------------[39m
cols(
  .default = col_double(),
  tmp = [31mcol_character()[39m,
  usecode = [31mcol_character()[39m,
  condition = [31mcol_character()[39m,
  cooling = [31mcol_character()[39m,
  lastsaledate1 = [31mcol_character()[39m,
  esdistrict = [31mcol_character()[39m,
  msdistrict = [31mcol_character()[39m,
  `High School District` = [31mcol_character()[39m,
  lastsaledate = [31mcol_character()[39m,
  condition2 = [31mcol_character()[39m
)
[36mi[39m Use [38;5;235m[48;5;253m[38;5;235m[48;5;253m`spec()`[48;5;253m[38;5;235m[49m[39m for the full column specifications.

"
